Week_Ending_Date,Midwest_WVAL,National_WVAL,Northeast_WVAL,South_WVAL,West_WVAL,date_updated
"2025-07-26","2.2273085046828927","2.555315222506763","1.9135845008513515","2.8833219403306334","3.64256211218662","2025-12-18T07:14:00.597Z"
"2022-07-02","8.378220788967004","8.539870568016916","6.066989342382296","8.701520347066825","11.876523427794488","2025-12-18T07:14:00.597Z"
"2025-06-28","1.28779984344111","1.5532517785047784","1.225083403599709","1.8187037135684467","2.4786867096077616","2025-12-18T07:14:00.597Z"
"2024-05-04","1.3321330882588571","1.5584417546113658","1.454611542840682","1.6672142550126845","1.6622719663820495","2025-12-18T07:14:00.597Z"
"2025-05-17","1.7223681244488425","1.6264769996410204","1.5305858748331982","1.511675019470316","2.404928498537936","2025-12-18T07:14:00.597Z"
"2025-09-13","4.97690588187134","6.3827771799192865","6.025325526001167","7.601936819850822","6.740228833837406","2025-12-18T07:14:00.597Z"
"2024-03-02","6.86681462179995","5.753713953751502","4.640613285703053","7.153813996575423","3.5412196616235994","2025-12-18T07:14:00.597Z"
"2025-08-02","2.4944335967340487","2.9242054217050693","2.0990839956907843","3.3539772466760898","4.440952451557382","2025-12-18T07:14:00.597Z"
"2023-10-14","4.412822879989758","4.874077958952135","5.335333037914513","3.597807142590084","5.4131975951887785","2025-12-18T07:14:00.597Z"
"2025-05-24","1.2208929228731542","1.4799145408837613","1.4971894822911478","1.4626395994763746","2.2253559641513156","2025-12-18T07:14:00.597Z"
"2025-04-26","1.9999017619809316","2.231437508351114","3.017905707904675","2.4458300767867587","2.0170449399154697","2025-12-18T07:14:00.597Z"
"2022-04-30","3.3783249120837686","3.2578979893375934","8.929831026018215","3.117338336216589","3.1374710665914183","2025-12-18T07:14:00.597Z"
"2023-10-21","4.261489380386292","4.759367489995657","5.590340395453829","3.745635163516893","5.257245599605021","2025-12-18T07:14:00.597Z"
"2025-08-30","3.9696728468279012","5.192498601661649","4.273731237616109","8.445397140212453","6.11126596570719","2025-12-18T07:14:00.597Z"
"2023-05-27","1.8211813429135817","1.5091295561656506","1.0","1.5460142547574958","1.4722448575738052","2025-12-18T07:14:00.597Z"
"2024-09-07","8.621737300215266","8.565581908905443","9.273182540056796","8.11086676103315","8.509426517595621","2025-12-18T07:14:00.597Z"
"2024-12-28","9.151292514064558","7.014667397641093","14.17699232221545","4.878042281217628","3.6223820777426736","2025-12-18T07:14:00.597Z"
"2025-05-31","1.2297306097741236","1.4614868201021676","1.5451319556263687","1.3778416845779664","1.9532763354334624","2025-12-18T07:14:00.597Z"
"2025-06-28","1.28779984344111","1.5532517785047784","1.225083403599709","1.8187037135684467","2.4786867096077616","2025-12-18T07:14:00.597Z"
"2025-11-29","2.154789021955528","1.6327320721145484","2.1259616183286005","1.0","1.1395025259004963","2025-12-18T07:14:00.597Z"
"2023-06-17","1.001385776867901","1.0006928884339505","1.0","1.1150409435616706","0.9404082463212767","2025-12-18T07:14:00.597Z"
"2023-07-29","2.2224694474525264","3.041324449951542","2.9338659833261636","3.148782916576921","3.642035230153943","2025-12-18T07:14:00.597Z"
"2024-06-22","2.497547091116702","3.743052738429699","3.6608654072206894","3.825240069638709","6.419110368155528","2025-12-18T07:14:00.597Z"
"2025-01-04","6.878065781721879","6.375974357865211","11.339871429552549","5.873882934008542","5.132500411150355","2025-12-18T07:14:00.597Z"
"2024-06-29","3.2268781396124635","4.552405222648535","4.857037484296752","4.247772961000319","6.873636439626984","2025-12-18T07:14:00.597Z"
"2024-11-02","2.9720385174429005","2.837722573151088","2.9810602795149994","2.171802180383894","2.703406628859275","2025-12-18T07:14:00.597Z"
"2025-12-06","3.18850209752599","2.3990404410931174","3.6744452155068075","1.6095787846602447","1.5272405974801093","2025-12-18T07:14:00.597Z"
"2022-06-25","5.704901125972796","6.4119645367443","4.014805805676108","7.1190279475158045","11.410487200536515","2025-12-18T07:14:00.597Z"
"2025-11-22","2.175049090559913","1.6907320402749075","2.3272810582305827","1.0116844207623819","1.206414989989902","2025-12-18T07:14:00.597Z"
"2024-10-26","3.5380563187974525","3.4402988230708145","3.8940933135255644","2.2766981034501352","3.3425413273441764","2025-12-18T07:14:00.597Z"
"2025-04-19","2.2998127171157985","2.4206323513959926","2.5414519856761864","2.9649371749273143","1.8895373277294243","2025-12-18T07:14:00.597Z"
"2025-11-01","1.131933672688987","1.146591823021084","1.3566293153268965","1.0","1.1612499733531814","2025-12-18T07:14:00.597Z"
"2024-07-20","4.594918987906309","7.895396702245649","6.754255404637496","9.036537999853802","10.136260161824765","2025-12-18T07:14:00.597Z"
"2025-11-22","2.175049090559913","1.6907320402749075","2.3272810582305827","1.0116844207623819","1.206414989989902","2025-12-18T07:14:00.597Z"
"2025-10-25","1.1763942965965457","1.2487061468048912","1.694428417266956","1.144496917243992","1.3210179970132367","2025-12-18T07:14:00.597Z"
"2022-04-02","1.4454044304677507","1.4474841296759986","2.736798119346119","1.4495638288842467","1.007875514963461","2025-12-18T07:14:00.597Z"
"2024-01-20","8.129140742983703","8.176451849088803","8.223762955193905","10.3426661370288","6.13967042239414","2025-12-18T07:14:00.597Z"
"2025-05-03","1.9147973245526875","1.9729432024630174","1.9209280920400833","2.0249583128859516","2.43452845543772","2025-12-18T07:14:00.597Z"
"2025-11-15","1.827633974918156","1.525018796049865","1.8486885733093776","1.0371383132633216","1.222403617181574","2025-12-18T07:14:00.597Z"
"2025-06-21","1.0835050893679754","1.6002657196816186","1.5368394943122432","1.6636919450509937","2.510647902999199","2025-12-18T07:14:00.597Z"
"2025-09-13","4.97690588187134","6.3827771799192865","6.025325526001167","7.601936819850822","6.740228833837406","2025-12-18T07:14:00.597Z"
"2025-12-06","3.18850209752599","2.3990404410931174","3.6744452155068075","1.6095787846602447","1.5272405974801093","2025-12-18T07:14:00.597Z"
"2024-03-23","2.9752229644110963","2.6254979444809243","2.1124061817556026","3.4000598922427177","2.2757729245507523","2025-12-18T07:14:00.597Z"
"2022-10-22","4.2728517845952005","3.674783810094266","4.506966870738802","2.7649685776280837","3.0767158355933315","2025-12-18T07:14:00.597Z"
"2023-01-14","5.165583294277898","6.181433334639584","7.098910395712407","7.913310781659183","5.263956273566761","2025-12-18T07:14:00.597Z"
"2024-04-27","1.8920859418544793","1.7199554721670591","1.116404680965032","1.7022917082381044","1.7376192360960139","2025-12-18T07:14:00.597Z"
"2025-12-06","3.18850209752599","2.3990404410931174","3.6744452155068075","1.6095787846602447","1.5272405974801093","2025-12-18T07:14:00.597Z"
"2022-02-19","3.4210103919237267","3.3672285876461396","1.2063466303117565","5.1306963947546045","3.313446783368553","2025-12-18T07:14:00.597Z"
"2024-03-09","4.43493561199923","3.906965928923254","2.9293132273961167","4.966144348443735","3.3789962458472775","2025-12-18T07:14:00.597Z"
"2025-07-19","1.7908201654831806","2.0417560228414526","1.6265610441440725","2.292691880199725","2.8020488461787645","2025-12-18T07:14:00.597Z"
"2023-06-03","1.1689626229037395","1.1257778408131598","1.0427059360464734","1.3552635045131047","1.0825930587225803","2025-12-18T07:14:00.597Z"
"2025-05-10","1.8707697251700535","1.6526767785842797","1.082768604465007","1.4345838319985058","2.6328770779712602","2025-12-18T07:14:00.597Z"
"2022-08-20","8.623473434656885","6.905248720494731","5.802189979002338","7.972613942915587","5.837883498073875","2025-12-18T07:14:00.597Z"
"2023-06-10","1.0039181774118493","1.112118101131246","1.0","1.302367629198376","1.2203180248506427","2025-12-18T07:14:00.597Z"
"2024-04-13","2.2905040642533407","1.9156964062901893","1.2156743250701174","2.274675645210497","1.5567171673698819","2025-12-18T07:14:00.597Z"
"2022-03-19","1.7910451068276956","1.1595849450081657","0.985174972372099","1.3122069723012681","1.0069629177150634","2025-12-18T07:14:00.597Z"
"2023-03-18","5.399687931356493","4.162066913920439","2.462439650761675","2.9385768756583426","5.385556952182535","2025-12-18T07:14:00.597Z"
"2025-10-04","2.4026820375288636","2.51607739584507","2.974812925428912","2.313251883055033","2.629472754161277","2025-12-18T07:14:00.597Z"
"2023-12-16","14.351346684562758","9.488943036324633","10.45714207719503","7.961762514099949","8.520743995454236","2025-12-18T07:14:00.597Z"
"2023-09-02","7.618489775463038","6.706382274716674","6.580767983182611","6.831996566250737","5.714204536374934","2025-12-18T07:14:00.597Z"
"2024-12-21","6.240872551225581","6.5434453019675285","6.846018052709476","4.811166128874289","7.571018299297347","2025-12-18T07:14:00.597Z"
"2022-12-10","9.71517298061955","7.679990217675493","7.242497444336751","6.986342591636913","8.117482991014235","2025-12-18T07:14:00.597Z"
"2025-05-10","1.8707697251700535","1.6526767785842797","1.082768604465007","1.4345838319985058","2.6328770779712602","2025-12-18T07:14:00.597Z"
"2025-06-14","1.064973962973496","1.5440424452756494","1.5997577155081621","1.4883271750431368","2.330577607008984","2025-12-18T07:14:00.597Z"
"2025-11-15","1.827633974918156","1.525018796049865","1.8486885733093776","1.0371383132633216","1.222403617181574","2025-12-18T07:14:00.597Z"
"2024-07-27","6.1011174341315755","8.703906480090767","7.873859005811152","9.533953954370382","10.457090874975098","2025-12-18T07:14:00.597Z"
"2025-08-09","3.197291366387553","3.9807918289963267","3.2284085810486","4.733175076944053","5.0923923743170585","2025-12-18T07:14:00.597Z"
"2024-06-15","2.092381863696849","2.6225860719331697","2.312094870019934","2.933077273846406","3.6801736443660973","2025-12-18T07:14:00.597Z"
"2025-11-15","1.827633974918156","1.525018796049865","1.8486885733093776","1.0371383132633216","1.222403617181574","2025-12-18T07:14:00.597Z"
"2024-12-28","9.151292514064558","7.014667397641093","14.17699232221545","4.878042281217628","3.6223820777426736","2025-12-18T07:14:00.597Z"
"2025-10-18","1.5520649014814656","1.5394613661882595","1.780763812987148","1.2833593662820817","1.5268578308950533","2025-12-18T07:14:00.597Z"
"2022-07-30","10.10895682099091","9.195534837386699","5.81146912245182","8.88007213275245","9.510997542020949","2025-12-18T07:14:00.597Z"
"2022-08-13","9.085613062421212","7.169033223718971","5.801906639844684","7.826140272359596","6.5119261750783455","2025-12-18T07:14:00.597Z"
"2025-12-13","3.4822354215926543","2.4365506732597617","3.3824344907545676","1.4906668557649558","1.1245674441505897","2025-12-18T07:14:00.597Z"
"2024-02-10","6.987611061268348","6.9005801379812866","6.813549214694225","9.98223114021515","5.793293513442092","2025-12-18T07:14:00.597Z"
"2025-02-08","6.410774533714423","6.612983946797478","7.646132415324046","6.815193359880533","4.069671527526458","2025-12-18T07:14:00.597Z"
"2022-04-23","2.970573418251006","3.139403259235416","6.582920356526083","3.3082331002198253","2.085204090825722","2025-12-18T07:14:00.597Z"
"2025-07-26","2.2273085046828927","2.555315222506763","1.9135845008513515","2.8833219403306334","3.64256211218662","2025-12-18T07:14:00.597Z"
"2025-04-05","2.349352670315215","2.4433021419641454","2.5372516136130763","3.4148439287982617","1.7804863272244182","2025-12-18T07:14:00.597Z"
"2025-08-23","4.029762097835643","4.960380989359457","3.922598715850266","6.288431584090182","5.890999880883272","2025-12-18T07:14:00.597Z"
"2022-10-29","4.921853183264397","4.1528385254559","4.443696033661234","3.5022794752767163","3.861981017250567","2025-12-18T07:14:00.597Z"
"2023-03-25","4.679689756363514","4.100695325350355","2.8661647597823365","3.5217008943371946","4.8084361937069175","2025-12-18T07:14:00.597Z"
"2024-12-14","5.732462169024798","5.2886432668360275","6.099146422582702","4.151055947014002","4.844824364647256","2025-12-18T07:14:00.597Z"
"2025-12-13","3.4822354215926543","2.4365506732597617","3.3824344907545676","1.4906668557649558","1.1245674441505897","2025-12-18T07:14:00.597Z"
"2025-07-12","1.5777640435743971","1.7547190959747807","1.5976558372660838","1.9117823546834776","2.9221319943243533","2025-12-18T07:14:00.597Z"
"2023-05-20","1.648670439437181","1.5550567195202305","1.049527504859166","1.46144299960328","1.6762245547556267","2025-12-18T07:14:00.597Z"
"2022-07-16","8.964639109630628","9.834220185864105","7.5379951149087585","10.703801262097581","11.053206562563492","2025-12-18T07:14:00.597Z"
"2025-03-01","4.184984931211741","4.105402598185599","4.0258202651594575","5.2862872835616415","2.5019383718887687","2025-12-18T07:14:00.597Z"
"2023-01-21","5.235622536912771","5.512835379002915","5.790048221093058","6.582919339987356","4.022507245744431","2025-12-18T07:14:00.597Z"
"2024-05-11","1.2151229636027914","1.4179060573971412","1.6206891511914912","1.0911923860691344","2.2442743985397278","2025-12-18T07:14:00.597Z"
"2024-02-24","6.618743129115427","6.171735334960729","5.724727540806032","8.891469767073678","4.446050716848159","2025-12-18T07:14:00.597Z"
"2024-03-16","3.4819641832246297","3.0470616732971165","1.6869782340198936","3.6227595295758457","2.6121591633696033","2025-12-18T07:14:00.597Z"
"2022-07-09","10.406543899964241","9.711892521052773","6.5806439442592595","9.017241142141305","11.458221884540267","2025-12-18T07:14:00.597Z"
"2022-09-10","6.642335984919498","5.599199188471974","5.211142566869519","5.987255810074428","4.435547191793776","2025-12-18T07:14:00.597Z"
"2022-03-26","1.4284650281013442","1.1716164703746457","1.3576779890873878","0.9855549516619035","0.8849110258710102","2025-12-18T07:14:00.597Z"
"2022-04-09","1.581669652603564","1.5630274648569324","4.99899301278798","1.5443852771103006","1.403425653966791","2025-12-18T07:14:00.597Z"
"2023-12-09","11.669909698253804","7.7720762048767575","8.665557839608262","6.878594570145253","6.695899192997134","2025-12-18T07:14:00.597Z"
"2025-08-09","3.197291366387553","3.9807918289963267","3.2284085810486","4.733175076944053","5.0923923743170585","2025-12-18T07:14:00.597Z"
"2025-10-04","2.4026820375288636","2.51607739584507","2.974812925428912","2.313251883055033","2.629472754161277","2025-12-18T07:14:00.597Z"
"2023-07-01","1.4079644119383392","1.6528192804597865","1.5759375694418472","1.7297009914777262","1.9084976160948868","2025-12-18T07:14:00.597Z"
"2023-08-19","4.548007989914218","4.924672315922807","5.301336641931397","5.853142335158315","4.4080842510011955","2025-12-18T07:14:00.597Z"
"2023-10-28","5.484479361065469","4.80998539024154","5.020025133477489","3.7070268545553016","4.599945647005591","2025-12-18T07:14:00.597Z"
"2025-11-15","1.827633974918156","1.525018796049865","1.8486885733093776","1.0371383132633216","1.222403617181574","2025-12-18T07:14:00.597Z"
"2025-10-25","1.1763942965965457","1.2487061468048912","1.694428417266956","1.144496917243992","1.3210179970132367","2025-12-18T07:14:00.597Z"
"2025-11-29","2.154789021955528","1.6327320721145484","2.1259616183286005","1.0","1.1395025259004963","2025-12-18T07:14:00.597Z"
"2022-01-22","13.464603404260105","18.3445960549537","19.763359468414137","16.925832641493265","28.027581024296744","2025-12-18T07:14:00.597Z"
"2022-11-26","7.213261530883382","5.698851681187387","3.817905254527563","4.184441831491393","8.167948856791101","2025-12-18T07:14:00.597Z"
"2025-01-04","6.878065781721879","6.375974357865211","11.339871429552549","5.873882934008542","5.132500411150355","2025-12-18T07:14:00.597Z"
"2025-02-22","5.33645607099748","4.916088051120338","4.495720031243196","5.365975343414833","3.596740801996037","2025-12-18T07:14:00.597Z"
"2025-01-11","9.077850772672075","7.234134442492322","9.984828713247222","5.3904181123125685","4.298333532710777","2025-12-18T07:14:00.597Z"
"2025-11-01","1.131933672688987","1.146591823021084","1.3566293153268965","1.0","1.1612499733531814","2025-12-18T07:14:00.597Z"
"2022-05-07","4.329121957533564","4.4606998998112966","7.91032285819965","4.592277842089029","3.886648351624894","2025-12-18T07:14:00.597Z"
"2025-08-02","2.4944335967340487","2.9242054217050693","2.0990839956907843","3.3539772466760898","4.440952451557382","2025-12-18T07:14:00.597Z"
"2025-08-30","3.9696728468279012","5.192498601661649","4.273731237616109","8.445397140212453","6.11126596570719","2025-12-18T07:14:00.597Z"
"2025-03-22","3.0084213350473012","2.5450695334455484","2.0817177318437956","4.7149841668650785","1.4769138576850653","2025-12-18T07:14:00.597Z"
"2023-09-09","7.153844593305383","7.183063483216273","7.212282373127163","7.563536388190343","6.268955177348081","2025-12-18T07:14:00.597Z"
"2024-10-19","2.9155157703555155","3.2965299099855114","4.108141474417707","2.5190472283131338","3.6775440496155074","2025-12-18T07:14:00.597Z"
"2023-08-26","6.0496291086804215","5.806433611169631","4.985360995253879","7.177640018334434","5.563238113658839","2025-12-18T07:14:00.597Z"
"2022-05-14","5.452317228410573","5.489601047429261","9.150976984727487","5.526884866447949","4.536120445219777","2025-12-18T07:14:00.597Z"
"2024-08-17","9.83997154964171","10.194643425008815","7.940093395232852","10.54931530037592","10.912073251485586","2025-12-18T07:14:00.597Z"
"2022-10-08","2.801205309719609","3.228093562073017","4.205294290959882","2.498029893359239","3.6549818144264252","2025-12-18T07:14:00.597Z"
"2023-09-16","6.467724753506195","5.896661803316102","7.338822149985164","5.325598853126009","4.8069848660526","2025-12-18T07:14:00.597Z"
"2025-11-29","2.154789021955528","1.6327320721145484","2.1259616183286005","1.0","1.1395025259004963","2025-12-18T07:14:00.597Z"
"2022-10-01","3.815554349920401","3.5437472029949344","6.026810423136145","3.271940056069468","3.1588608867021764","2025-12-18T07:14:00.597Z"
"2025-02-15","7.255329499884366","5.6026863675965295","5.804992992655103","5.400379742537955","4.005359565406035","2025-12-18T07:14:00.597Z"
"2023-06-24","1.3266318898215137","1.125393504274204","1.0568840802854844","1.074734697388502","1.1760523111599062","2025-12-18T07:14:00.597Z"
"2025-08-09","3.197291366387553","3.9807918289963267","3.2284085810486","4.733175076944053","5.0923923743170585","2025-12-18T07:14:00.597Z"
"2025-08-16","3.5841040228661365","4.68262659988692","3.743461466532404","5.6217917332414356","7.6811947890301475","2025-12-18T07:14:00.597Z"
"2025-09-27","3.116442458443712","3.626746179879301","4.631290496118839","3.567411143362426","3.6860812163961763","2025-12-18T07:14:00.597Z"
"2023-01-28","6.135250611389256","5.985784552031083","5.836318492672911","6.236921762338458","4.238535244858968","2025-12-18T07:14:00.597Z"
"2025-02-22","5.33645607099748","4.916088051120338","4.495720031243196","5.365975343414833","3.596740801996037","2025-12-18T07:14:00.597Z"
"2025-09-06","5.261884157256579","6.653633924781047","5.345616521306553","9.357526429563775","7.961651328255541","2025-12-18T07:14:00.597Z"
"2022-09-24","5.135423205070879","5.056950043938663","5.976511117041561","3.9676287269729875","4.978476882806447","2025-12-18T07:14:00.597Z"
"2022-10-15","4.516440446298628","3.5940693168789264","5.596004826388619","2.671698187459225","2.623499473436528","2025-12-18T07:14:00.597Z"
"2025-04-12","1.748811146408965","2.2351301030832893","2.6270750786180646","2.6769882931180664","1.8431851275485136","2025-12-18T07:14:00.597Z"
"2024-11-16","2.8777398642011356","2.8773575944466225","2.876975324692109","1.4640643121652739","4.210929425148667","2025-12-18T07:14:00.597Z"
"2025-02-01","7.216605112050541","6.295062700794311","8.15374538158614","5.373520289538081","4.008995799978396","2025-12-18T07:14:00.597Z"
"2025-11-29","2.154789021955528","1.6327320721145484","2.1259616183286005","1.0","1.1395025259004963","2025-12-18T07:14:00.597Z"
"2025-03-08","3.8649478364386605","3.4419018382679725","3.0188558400972845","4.996553721626099","2.0912117967739228","2025-12-18T07:14:00.597Z"
"2025-11-08","1.5114012205601648","1.567831707929676","1.6313932038765295","1.2467265905622855","1.6242621952991871","2025-12-18T07:14:00.597Z"
"2023-08-05","3.042876283082596","4.506353913701386","3.720749954174634","5.291957873228139","5.310015138944431","2025-12-18T07:14:00.597Z"
"2024-08-24","9.821047215073353","9.694130086056498","7.086949470525217","11.26944612496252","9.567212957039644","2025-12-18T07:14:00.597Z"
"2024-12-14","5.732462169024798","5.2886432668360275","6.099146422582702","4.151055947014002","4.844824364647256","2025-12-18T07:14:00.597Z"
"2025-01-25","7.372614463124241","6.778176284390815","9.023048461550937","6.183738105657389","3.1763636656601437","2025-12-18T07:14:00.597Z"
"2025-05-03","1.9147973245526875","1.9729432024630174","1.9209280920400833","2.0249583128859516","2.43452845543772","2025-12-18T07:14:00.597Z"
"2023-07-22","1.8500756171042188","2.1021849714608805","1.9102777346908522","2.294092208230909","3.0391262148100244","2025-12-18T07:14:00.597Z"
"2025-07-19","1.7908201654831806","2.0417560228414526","1.6265610441440725","2.292691880199725","2.8020488461787645","2025-12-18T07:14:00.597Z"
"2022-12-17","9.622832537545007","8.675803569795058","9.719074045890707","7.72877460204511","7.338063543696171","2025-12-18T07:14:00.597Z"
"2023-04-22","2.358815645858682","1.9190153641105934","1.0581521292544667","1.6736846374924919","2.164346090728695","2025-12-18T07:14:00.597Z"
"2022-04-16","2.0320140517382104","2.080724975569935","4.688530107913682","2.1294358994016602","1.49783056437081","2025-12-18T07:14:00.597Z"
"2023-05-13","1.9833530971259457","1.5667336478299072","1.4671593895243433","1.5423037340598489","1.5911635615999653","2025-12-18T07:14:00.597Z"
"2023-11-25","12.4227123995656","6.771734004804718","7.37939839287076","5.9585660379463725","6.164069616738676","2025-12-18T07:14:00.597Z"
"2024-02-17","8.099157220890794","6.989171415388756","5.879185609886719","8.829815455507163","5.571223274644624","2025-12-18T07:14:00.597Z"
"2025-04-19","2.2998127171157985","2.4206323513959926","2.5414519856761864","2.9649371749273143","1.8895373277294243","2025-12-18T07:14:00.597Z"
"2025-07-12","1.5777640435743971","1.7547190959747807","1.5976558372660838","1.9117823546834776","2.9221319943243533","2025-12-18T07:14:00.597Z"
"2024-08-03","7.440310534111773","9.83853073691879","7.132321176563894","12.236750939725807","12.565045433034195","2025-12-18T07:14:00.597Z"
"2023-03-11","4.916098308588509","3.7931814938686634","3.06460318605276","2.9377776996752454","4.521759801684567","2025-12-18T07:14:00.597Z"
"2025-03-29","3.575183790454096","3.1637575002833866","2.7523312101126773","4.793276478308197","1.9578133334689483","2025-12-18T07:14:00.597Z"
"2025-07-12","1.5777640435743971","1.7547190959747807","1.5976558372660838","1.9117823546834776","2.9221319943243533","2025-12-18T07:14:00.597Z"
"2022-11-12","6.041084525415371","4.284762404201096","3.3127091029322306","3.5612506069559524","5.00827420144624","2025-12-18T07:14:00.597Z"
"2023-04-08","2.968041704085687","2.333344591226745","1.7598583151713894","2.220511893024601","2.446177289428889","2025-12-18T07:14:00.597Z"
"2023-04-15","2.56920243280958","2.1246214818978784","1.4659431650731927","1.784214222528174","2.4650287412675826","2025-12-18T07:14:00.597Z"
"2024-10-05","3.7976166093572807","3.9394764600047827","6.419856228967937","3.160891994432344","4.081336310652285","2025-12-18T07:14:00.597Z"
"2025-05-24","1.2208929228731542","1.4799145408837613","1.4971894822911478","1.4626395994763746","2.2253559641513156","2025-12-18T07:14:00.597Z"
"2024-01-27","7.066654401816972","8.633557535977786","9.342461988329546","10.601177905085553","7.9246530836260245","2025-12-18T07:14:00.597Z"
"2024-09-28","4.563174267168745","4.716611437829917","6.879006439248723","4.357389153187779","4.8700486084910874","2025-12-18T07:14:00.597Z"
"2025-08-23","4.029762097835643","4.960380989359457","3.922598715850266","6.288431584090182","5.890999880883272","2025-12-18T07:14:00.597Z"
"2025-10-11","1.8589069217599272","2.020637256787485","2.1823675918150425","1.7807040397624945","2.3394385843083123","2025-12-18T07:14:00.597Z"
"2022-02-26","1.8465022016143295","1.877926962064676","0.7824887047631983","3.1586425527679602","1.909351722515022","2025-12-18T07:14:00.597Z"
"2023-10-07","4.807555746357899","4.913723977106316","6.959006995951616","3.6230403629014805","5.019892207854733","2025-12-18T07:14:00.597Z"
"2024-07-13","5.034280326628968","6.392618842317239","6.078939817576834","6.7062978670576445","10.450198537190133","2025-12-18T07:14:00.597Z"
"2025-03-29","3.575183790454096","3.1637575002833866","2.7523312101126773","4.793276478308197","1.9578133334689483","2025-12-18T07:14:00.597Z"
"2025-07-05","1.4073528189857571","1.7333810455201903","1.362862196600047","2.0594092720546238","2.611985250373551","2025-12-18T07:14:00.597Z"
"2022-05-28","8.153871763454955","7.818119153503126","7.482366543551296","7.213694641765749","9.394281774566164","2025-12-18T07:14:00.597Z"
"2024-08-10","7.243049140715139","9.818732447626637","7.902414664298368","11.735050230954906","12.870987238735735","2025-12-18T07:14:00.597Z"
"2024-01-06","13.887086122495472","13.617203836464467","18.774196451894724","13.347321550433463","12.46780134090396","2025-12-18T07:14:00.597Z"
"2024-09-14","7.562319465662367","8.059037247931712","8.555755030201059","7.482208144684046","9.623766744440681","2025-12-18T07:14:00.597Z"
"2025-06-14","1.064973962973496","1.5440424452756494","1.5997577155081621","1.4883271750431368","2.330577607008984","2025-12-18T07:14:00.597Z"
"2022-08-06","10.32390428395271","7.729382194745389","6.461172100305637","8.212898585850073","7.245865803640704","2025-12-18T07:14:00.597Z"
"2025-05-31","1.2297306097741236","1.4614868201021676","1.5451319556263687","1.3778416845779664","1.9532763354334624","2025-12-18T07:14:00.597Z"
"2022-02-12","5.121311896926148","4.213673464815251","1.1962700866183211","3.3060350327043535","7.001466703499748","2025-12-18T07:14:00.597Z"
"2024-11-30","2.848027250662974","2.793497778134909","4.007587246954327","1.9871780034390456","2.7389683056068432","2025-12-18T07:14:00.597Z"
"2025-01-11","9.077850772672075","7.234134442492322","9.984828713247222","5.3904181123125685","4.298333532710777","2025-12-18T07:14:00.597Z"
"2024-06-01","1.7584483491571024","1.9369102186546994","1.929752993554608","1.9440674437547907","4.47989089183099","2025-12-18T07:14:00.597Z"
"2024-11-23","2.5020596588633413","2.6646730489816823","2.827286439100023","1.8800180396683928","3.1542414368673","2025-12-18T07:14:00.597Z"
"2025-01-18","7.363335333167679","6.0812844027148865","8.994313243801805","4.7992334722620935","3.356417215464839","2025-12-18T07:14:00.597Z"
"2022-03-12","1.8051354091974594","1.0261219967711732","0.9517836544835143","1.0","1.0522439935423464","2025-12-18T07:14:00.597Z"
"2023-02-25","6.473032431880169","5.337972384591993","5.55106680903191","4.021584193543019","5.124877960152075","2025-12-18T07:14:00.597Z"
"2025-09-27","3.116442458443712","3.626746179879301","4.631290496118839","3.567411143362426","3.6860812163961763","2025-12-18T07:14:00.597Z"
"2025-04-26","1.9999017619809316","2.231437508351114","3.017905707904675","2.4458300767867587","2.0170449399154697","2025-12-18T07:14:00.597Z"
"2024-05-25","1.5294382708772787","1.8512591149174928","2.173079958957707","1.4768063520276529","3.4868900630192696","2025-12-18T07:14:00.597Z"
"2025-02-01","7.216605112050541","6.295062700794311","8.15374538158614","5.373520289538081","4.008995799978396","2025-12-18T07:14:00.597Z"
"2025-11-08","1.5114012205601648","1.567831707929676","1.6313932038765295","1.2467265905622855","1.6242621952991871","2025-12-18T07:14:00.597Z"
"2023-12-23","13.91890403759601","10.92266414350925","8.972849717279205","11.297658036152086","10.547670250866414","2025-12-18T07:14:00.597Z"
"2025-12-13","3.4822354215926543","2.4365506732597617","3.3824344907545676","1.4906668557649558","1.1245674441505897","2025-12-18T07:14:00.597Z"
"2025-11-22","2.175049090559913","1.6907320402749075","2.3272810582305827","1.0116844207623819","1.206414989989902","2025-12-18T07:14:00.597Z"
"2025-06-28","1.28779984344111","1.5532517785047784","1.225083403599709","1.8187037135684467","2.4786867096077616","2025-12-18T07:14:00.597Z"
"2024-05-18","1.2472339257074099","1.6425465860057469","1.746857306314982","1.538235865696512","2.9560620004701703","2025-12-18T07:14:00.597Z"
"2025-04-12","1.748811146408965","2.2351301030832893","2.6270750786180646","2.6769882931180664","1.8431851275485136","2025-12-18T07:14:00.597Z"
"2025-11-22","2.175049090559913","1.6907320402749075","2.3272810582305827","1.0116844207623819","1.206414989989902","2025-12-18T07:14:00.597Z"
"2022-09-03","6.376316045078702","5.899080350980709","5.421844656882717","7.016431385445456","4.3246508897094795","2025-12-18T07:14:00.597Z"
"2024-08-31","8.67480746285367","9.235529759761183","7.94051615036385","9.796252056668697","10.316183884881857","2025-12-18T07:14:00.597Z"
"2023-02-11","6.059303053297148","5.944848376822223","5.497634213130172","6.445476737612393","5.830393700347297","2025-12-18T07:14:00.597Z"
"2025-03-01","4.184984931211741","4.105402598185599","4.0258202651594575","5.2862872835616415","2.5019383718887687","2025-12-18T07:14:00.597Z"
"2025-11-01","1.131933672688987","1.146591823021084","1.3566293153268965","1.0","1.1612499733531814","2025-12-18T07:14:00.597Z"
"2024-10-12","2.963360487640741","3.0599572250579365","4.670122459112836","2.4516557253072495","3.1565539624751326","2025-12-18T07:14:00.597Z"
"2022-03-05","1.7263060960702359","1.3342281450412783","0.9742648835352229","1.0982930340733428","1.5701632560092138","2025-12-18T07:14:00.597Z"
"2024-06-08","1.9318075575915112","2.2163106841957334","2.5008138107999556","1.8884218195472968","4.531886594180328","2025-12-18T07:14:00.597Z"
"2025-07-26","2.2273085046828927","2.555315222506763","1.9135845008513515","2.8833219403306334","3.64256211218662","2025-12-18T07:14:00.597Z"
"2023-09-23","5.566716514403478","5.329685805993859","6.7160460331799","4.480702427111982","5.09265509758424","2025-12-18T07:14:00.597Z"
"2025-11-08","1.5114012205601648","1.567831707929676","1.6313932038765295","1.2467265905622855","1.6242621952991871","2025-12-18T07:14:00.597Z"
"2025-02-08","6.410774533714423","6.612983946797478","7.646132415324046","6.815193359880533","4.069671527526458","2025-12-18T07:14:00.597Z"
"2025-09-20","4.525657523883538","5.165553024713553","6.122080838269499","5.112290942578911","5.218815106848195","2025-12-18T07:14:00.597Z"
"2023-08-12","3.244358221585015","4.529673100086283","4.372003975929059","5.311937861175292","4.687342224243508","2025-12-18T07:14:00.597Z"
"2025-03-22","3.0084213350473012","2.5450695334455484","2.0817177318437956","4.7149841668650785","1.4769138576850653","2025-12-18T07:14:00.597Z"
"2025-08-16","3.5841040228661365","4.68262659988692","3.743461466532404","5.6217917332414356","7.6811947890301475","2025-12-18T07:14:00.597Z"
"2025-03-15","4.5004405162251935","4.004607300172638","3.508774084120082","5.760510620928678","1.9892232893663289","2025-12-18T07:14:00.597Z"
"2025-08-02","2.4944335967340487","2.9242054217050693","2.0990839956907843","3.3539772466760898","4.440952451557382","2025-12-18T07:14:00.597Z"
"2025-11-08","1.5114012205601648","1.567831707929676","1.6313932038765295","1.2467265905622855","1.6242621952991871","2025-12-18T07:14:00.597Z"
"2025-06-21","1.0835050893679754","1.6002657196816186","1.5368394943122432","1.6636919450509937","2.510647902999199","2025-12-18T07:14:00.597Z"
"2025-01-25","7.372614463124241","6.778176284390815","9.023048461550937","6.183738105657389","3.1763636656601437","2025-12-18T07:14:00.597Z"
"2025-08-30","3.9696728468279012","5.192498601661649","4.273731237616109","8.445397140212453","6.11126596570719","2025-12-18T07:14:00.597Z"
"2022-01-08","19.492462281990353","25.37472264867117","31.161250315754216","27.563979960738756","23.185465336603585","2025-12-18T07:14:00.597Z"
"2022-12-03","8.97892974621202","8.461830799741094","7.9447318532701665","7.700959178226217","10.989667407521162","2025-12-18T07:14:00.597Z"
"2022-12-24","11.012700289627148","10.258456753540136","9.585063789469345","10.931849717610927","7.254940609820224","2025-12-18T07:14:00.597Z"
"2025-09-06","5.261884157256579","6.653633924781047","5.345616521306553","9.357526429563775","7.961651328255541","2025-12-18T07:14:00.597Z"
"2025-10-11","1.8589069217599272","2.020637256787485","2.1823675918150425","1.7807040397624945","2.3394385843083123","2025-12-18T07:14:00.597Z"
"2022-01-15","15.514460666019088","23.72538932749655","26.09809744024306","21.352681214750042","29.893632935210526","2025-12-18T07:14:00.597Z"
"2022-11-19","4.957839644519925","4.4632899289692425","3.9687402134185605","2.7432637015158345","6.879994059449712","2025-12-18T07:14:00.597Z"
"2022-08-27","8.900697044191201","5.778700331020123","4.9256576848125775","6.631742977227669","4.8164032325515365","2025-12-18T07:14:00.597Z"
"2023-01-07","4.862064597895516","7.381271529104262","9.057410797410759","10.306574630590937","5.705132260797765","2025-12-18T07:14:00.597Z"
"2025-09-13","4.97690588187134","6.3827771799192865","6.025325526001167","7.601936819850822","6.740228833837406","2025-12-18T07:14:00.597Z"
"2025-10-18","1.5520649014814656","1.5394613661882595","1.780763812987148","1.2833593662820817","1.5268578308950533","2025-12-18T07:14:00.597Z"
"2025-06-07","1.2157177161193826","1.615215579627301","1.6653998229988585","1.565031336255743","2.5496360143622114","2025-12-18T07:14:00.597Z"
"2025-07-19","1.7908201654831806","2.0417560228414526","1.6265610441440725","2.292691880199725","2.8020488461787645","2025-12-18T07:14:00.597Z"
"2023-03-04","4.819638890633864","4.223989235663678","3.6245116150418513","3.735491934331549","4.712486536995807","2025-12-18T07:14:00.597Z"
"2025-03-08","3.8649478364386605","3.4419018382679725","3.0188558400972845","4.996553721626099","2.0912117967739228","2025-12-18T07:14:00.597Z"
"2025-08-16","3.5841040228661365","4.68262659988692","3.743461466532404","5.6217917332414356","7.6811947890301475","2025-12-18T07:14:00.597Z"
"2025-09-27","3.116442458443712","3.626746179879301","4.631290496118839","3.567411143362426","3.6860812163961763","2025-12-18T07:14:00.597Z"
"2022-06-11","4.412461254010829","5.509031358300704","4.21317220405634","6.605601462590579","10.275183928903946","2025-12-18T07:14:00.597Z"
"2022-09-17","6.394179854484182","4.988450265800649","5.13369637059759","4.843204161003707","4.1141697709786325","2025-12-18T07:14:00.597Z"
"2022-11-05","6.320797037599235","4.278505718406915","3.9936583405016197","2.9780313741292597","4.56335309631221","2025-12-18T07:14:00.597Z"
"2023-09-30","5.786092909718971","5.5227162134849195","7.54259430985969","3.9373449412087034","5.259339517250869","2025-12-18T07:14:00.597Z"
"2024-12-07","5.864509399775985","5.757488493098828","5.781945732302116","3.1023543686612376","5.733031253895541","2025-12-18T07:14:00.597Z"
"2024-12-21","6.240872551225581","6.5434453019675285","6.846018052709476","4.811166128874289","7.571018299297347","2025-12-18T07:14:00.597Z"
"2025-10-11","1.8589069217599272","2.020637256787485","2.1823675918150425","1.7807040397624945","2.3394385843083123","2025-12-18T07:14:00.597Z"
"2023-07-15","1.8411441026625261","2.071249163988278","1.8775391655352371","2.264959162441319","2.8542500041766217","2025-12-18T07:14:00.597Z"
"2025-06-21","1.0835050893679754","1.6002657196816186","1.5368394943122432","1.6636919450509937","2.510647902999199","2025-12-18T07:14:00.597Z"
"2025-10-04","2.4026820375288636","2.51607739584507","2.974812925428912","2.313251883055033","2.629472754161277","2025-12-18T07:14:00.597Z"
"2022-02-05","6.839673136474809","6.717227304995987","6.594781473517164","6.3739597412062325","14.263903465593225","2025-12-18T07:14:00.597Z"
"2025-09-20","4.525657523883538","5.165553024713553","6.122080838269499","5.112290942578911","5.218815106848195","2025-12-18T07:14:00.597Z"
"2022-07-23","9.631136003767846","10.080636236958096","6.331642729992809","10.530136470148346","11.770778648231758","2025-12-18T07:14:00.597Z"
"2025-02-15","7.255329499884366","5.6026863675965295","5.804992992655103","5.400379742537955","4.005359565406035","2025-12-18T07:14:00.597Z"
"2025-03-15","4.5004405162251935","4.004607300172638","3.508774084120082","5.760510620928678","1.9892232893663289","2025-12-18T07:14:00.597Z"
"2025-04-05","2.349352670315215","2.4433021419641454","2.5372516136130763","3.4148439287982617","1.7804863272244182","2025-12-18T07:14:00.597Z"
"2025-06-07","1.2157177161193826","1.615215579627301","1.6653998229988585","1.565031336255743","2.5496360143622114","2025-12-18T07:14:00.597Z"
"2022-12-31","8.497664679923307","10.335479894874467","12.835027088344802","12.173295109825627","5.213872320770124","2025-12-18T07:14:00.597Z"
"2023-04-01","3.342569020456125","3.262902114258652","2.23901275960902","3.3612605231263375","3.1832352080611783","2025-12-18T07:14:00.597Z"
"2023-11-11","6.896329394450206","4.811432984732276","4.448565218108446","4.011566413017648","5.174300751356105","2025-12-18T07:14:00.597Z"
"2025-01-18","7.363335333167679","6.0812844027148865","8.994313243801805","4.7992334722620935","3.356417215464839","2025-12-18T07:14:00.597Z"
"2025-05-17","1.7223681244488425","1.6264769996410204","1.5305858748331982","1.511675019470316","2.404928498537936","2025-12-18T07:14:00.597Z"
"2025-12-13","3.4822354215926543","2.4365506732597617","3.3824344907545676","1.4906668557649558","1.1245674441505897","2025-12-18T07:14:00.597Z"
"2023-12-02","13.710604413351922","7.426180248357956","7.822136745384099","6.07615841395123","7.030223751331813","2025-12-18T07:14:00.597Z"
"2024-03-30","3.0254607943128655","2.2434017972645273","1.8761645577114041","2.6106390368176506","1.7715096827987533","2025-12-18T07:14:00.597Z"
"2025-09-06","5.261884157256579","6.653633924781047","5.345616521306553","9.357526429563775","7.961651328255541","2025-12-18T07:14:00.597Z"
"2025-11-01","1.131933672688987","1.146591823021084","1.3566293153268965","1.0","1.1612499733531814","2025-12-18T07:14:00.597Z"
"2023-04-29","1.9455814143131933","1.6706928071927936","1.0","1.5743861297816975","1.7669994846038897","2025-12-18T07:14:00.597Z"
"2024-07-06","3.418409052915932","5.53108342119065","5.738955045362639","5.323211797018661","7.316424115618085","2025-12-18T07:14:00.597Z"
"2025-09-20","4.525657523883538","5.165553024713553","6.122080838269499","5.112290942578911","5.218815106848195","2025-12-18T07:14:00.597Z"
"2022-06-18","5.3175460573068705","5.616383054792383","3.3925980392631736","5.9152200522778955","10.256776030248034","2025-12-18T07:14:00.597Z"
"2024-01-13","11.557481946299783","10.076038474202292","8.492932464269781","9.760713148358082","10.391363800046504","2025-12-18T07:14:00.597Z"
"2024-09-21","6.712791525671268","6.6495024839987185","8.683933482124122","6.5862134423261685","6.328126116988059","2025-12-18T07:14:00.597Z"
"2024-11-09","2.2077013168094126","2.594775005776574","2.9818486947437357","1.3793670807929288","3.4755863986194373","2025-12-18T07:14:00.597Z"
"2025-10-25","1.1763942965965457","1.2487061468048912","1.694428417266956","1.144496917243992","1.3210179970132367","2025-12-18T07:14:00.597Z"
"2022-05-21","6.028234792894251","6.671691650208928","9.732017155898653","7.195330518570803","6.148052781847052","2025-12-18T07:14:00.597Z"
"2022-06-04","6.150395759154778","7.095429991256337","5.084769651601307","8.040464223357896","8.743752240797638","2025-12-18T07:14:00.597Z"
"2023-02-18","7.366764669032532","5.407542258228004","5.467912622421678","4.845401573651314","5.3471718940343305","2025-12-18T07:14:00.597Z"
"2023-11-04","5.8425907188295","4.96685942682661","4.723459482105689","3.704363415103358","5.210259371547531","2025-12-18T07:14:00.597Z"
"2025-07-05","1.4073528189857571","1.7333810455201903","1.362862196600047","2.0594092720546238","2.611985250373551","2025-12-18T07:14:00.597Z"
"2025-12-06","3.18850209752599","2.3990404410931174","3.6744452155068075","1.6095787846602447","1.5272405974801093","2025-12-18T07:14:00.597Z"
"2024-04-20","1.9683067740556472","1.7280996615422803","1.0132118752182953","1.7580867036630752","1.6981126194214853","2025-12-18T07:14:00.597Z"
"2022-01-29","11.30142926754226","12.961500565590478","13.224481490232856","12.698519640948101","26.610084235649904","2025-12-18T07:14:00.597Z"
"2023-07-08","1.7444871938071014","2.079448884588503","1.6182447836526825","2.4144105753699048","2.7584654313430463","2025-12-18T07:14:00.597Z"
"2023-11-18","8.898145517686451","4.989274470436027","4.917452462804533","4.365870278789792","5.061096478067521","2025-12-18T07:14:00.597Z"
"2023-05-06","1.9510545158773378","1.8492750192459289","1.0","1.7474955226145201","1.9958906091248445","2025-12-18T07:14:00.597Z"
"2022-01-01","15.866149511827981","18.64638829344061","21.42662707505324","24.156986797037668","12.835051164438134","2025-12-18T07:14:00.597Z"
"2025-08-23","4.029762097835643","4.960380989359457","3.922598715850266","6.288431584090182","5.890999880883272","2025-12-18T07:14:00.597Z"
"2025-10-18","1.5520649014814656","1.5394613661882595","1.780763812987148","1.2833593662820817","1.5268578308950533","2025-12-18T07:14:00.597Z"
"2023-02-04","6.27766763436019","6.0292093020256035","5.479599358861127","6.904770879797908","5.780750969691017","2025-12-18T07:14:00.597Z"
"2023-12-30","15.052253215023066","13.4993924409652","17.650340062685615","11.946531666907335","11.501212428059223","2025-12-18T07:14:00.597Z"
"2024-02-03","5.749596555545958","6.543903842857178","6.155170217841674","8.453929931749594","6.9326374678726825","2025-12-18T07:14:00.597Z"
"2024-04-06","1.7044377490525364","1.8647765315246563","1.278435992949026","2.672111454407835","2.025115313996776","2025-12-18T07:14:00.597Z"
"2025-07-05","1.4073528189857571","1.7333810455201903","1.362862196600047","2.0594092720546238","2.611985250373551","2025-12-18T07:14:00.597Z"
